tag,Stage 4
#asynchronous,2015-10-08
#typedarray,2015-11-17
#array,2016-03-29
#composition,2016-05-25
#string,2016-05-25
#transpilation,2016-07-28
#memory_management,2017-02-09
#extensibility,2017-10-12
#any_character,2017-12-19
#asynchronous,2018-01-24
#performance,2018-01-24
#regex,2018-01-24
#regex,2018-01-24
#promise,2018-01-25
#destructuring,2018-02-13
#error,2018-05-22
#parse,2018-05-22
#property,2018-11-28
#strict_mode,2018-11-28
#iterator,2019-01-29
#json,2019-01-29
#object_transformation,2019-01-29
#performance,2019-03-26
#performance,2019-06-20
#asynchronous,2019-07-24
#arithmetic,2019-09-30
#windowproxy,2019-10-01
#access,2019-12-06
#formatting,2019-12-30
#default_value,2020-01-21
#iterator,2020-02-11
#host_environment,2020-05-01
#performance,2020-06-27
#asynchronous,2020-07-21
#performance,2020-07-21
#bigint,2020-07-23
#iterator,2020-12-16
#promises,2021-05-25
#class,2021-06-10
#performance,2021-06-10
#class,2021-07-15
#class,2021-08-31
#inheritance,2021-08-31
#debug,2021-10-26
#arithmetic,2022-01-24
#typedarray,2022-01-24
#performance,2022-06-06
#grammar,2022-07-20
#tuples,2023-01-30
#typedarray,2023-03-05
#concurrency,2023-05-15
#performance,2023-05-15
#set,2023-05-16
#iterator,2023-10-24
#iterator,2023-11-27
#error_handling,2023-12-12
#set,2024-06-25
#performance,2024-07-12
#helper,2024-10-08
#regex,2024-10-08
#security,2024-10-08
#error_handling,2024-10-09
#module_specifier,2024-12-12
#string,2025-02-18
